ACC,F1,SE,SP,IoU,AUC,N_images,N_with_AUC
0.9978923116401109,0.9836689541511568,0.9893482467280851,0.9984213657698132,0.9679221758814084,0.999953019361525,2627,2627
