ACC,F1,SE,SP,IoU,AUC,N_images,N_with_AUC
0.9932636231238783,0.943958955824363,0.97496422945271,0.994326638057094,0.8987242060630075,,2627,0
